,order_idx,ordername
0,52,적은 재료로 만들어 보아요
1,36,교포 초딩 요리
2,47,바삭바삭한 튀김 요리
3,166,동남아 국물요리
4,108,만취한 이모도 만들 수 있는 안주
5,81,골 때리게 매운 저녁
6,292,유면상
7,11,다이어트 해방 음식
8,120,음료수를 사용한 특이특이한 요리
9,54,상상 이상의 저열량 요리
10,155,이게 무슨 닭이야 ~♪
11,67,내 해산물 좀 쩔어~!
12,293,체중계도 박살낼 카롤리 폭탄 양식
13,23,치즈 듬뿍 고소한 요리
14,211,들이켜고 습~ 하~ 할 수 있는 국물 요리
15,306,1인분? 아니~아니~아니♬9인분 같은 요리
16,213,멀리서 멀리서 멀리서 그대가 올♬ 요리
17,80,날아갈 수 있을 정도로 가벼운 점심
18,164,니스 해변을 담은 해산물 요리
19,215,매력있어~ 팔로워들이 반하겠어♬
20,38,사랑하는 아이들을 위한 요리
21,136,파리 인 더 트랩
22,182,내꺼하자♬ 고퀄리티 밥상
23,167,내 입에 소스
24,266,철판 요리 먹고 싶단 말이야~ ♬
25,310,계인이가 키웠닭!
26,119,내가 못하는 난장판 요리 보고 싶다~♪
27,127,으아 ~ 새로운 달걀 요리 들이대!
28,8,god를 위한 추억의 음식
29,142,가스레인지 사용 금지
30,284,밥 두 공기를 비워낼 그뤠잇 요리
31,313,어서 와~ 정통 이탈리아 요리는 처음이지?
32,243,나의 수울~ 메이트 (feat.샴페인)
33,275,오븐 요리 팡팡!
34,257,떡 먹는 용만이의 입이 떡 벌어질 양식
35,65,오가닉한 뜨거운 요리
36,9,멕시코 요리
37,44,고기보다 맛있는 해산물 요리
38,193,고기인 듯 고기 아닌 고기 같은♬ 요리
39,15,매운 야식
40,277,최후의 만찬 먹고 거침없이 뉴욕행
41,73,2AM에 먹을 수 있는 요리
42,269,승수나르도 고기먹으리오
43,246,채령맘의 여름 방학 레시피를 부탁해
44,70,술을 부르는 깊은 맛의 국물 요리
45,247,미스코리아 기름 眞
46,273,디저트 먹으러 달려가~~♬
47,152,중국 아빠 ♥ 한국 엄마의 가슴이 벅차오루는 요리
48,317,얼마나 맛있게요
49,33,인간적인 싱글남의 야식
50,50,내 체질에 딱 맞는 요리
51,288,배고파 너무 고파~ 널 먹고 말 거야 골뱅이♬
52,312,건강식~ 히트다 히트!
53,141,성균 패밀리 레스토랑
54,13,디저트
55,171,박 씨 아저씨의 낚시요리 도전!
56,105,달달한 와인과 어울리는 요리
57,97,최상의 재료로 낼 수 있는 맛의 끝
58,107,성공한 싱글녀의 퍼펙트 럭셔리 디저트 타임
59,150,멤버들이 CHEER UP 할 수 있는 글로벌 요리
60,17,장에 좋은 요리
61,280,셰프님들~ 중식을 해줘요♬
62,66,빵야빵야빵야 ~ 양사장님 취향 저격 요리
63,190,손연재배 양식선수권 대회
64,239,"부탁해요, 엄마의 전복"
65,112,마이 소울 푸드 (feat.통조림)
66,157,다 된 셰프 밥상에 탁재훈 뿌리기
67,207,아침에 사뿐사뿐 일어날 ♬ 야식
68,69,10분 안에 끝나는 요리
69,232,미국에서 한식을 부탁해
70,272,세계 요리 선수권 대회
71,147,맥주 안주의 기본 소양
72,259,이런 면 요리~ 저런 면 요리!
73,25,모닝 고기 요리
74,308,내 혀를 K.O 시킬 일탈 요리
75,251,어디~ 셰프가 15분 요리를 해? 10분이면 되지!
76,133,믹스 앤 매치
77,196,야무진 면 요리 해주나?
78,125,제시 엄마가 부탁해~
79,217,만화를 찢고 나온 요리
80,218,엄마 김치와 만나면 두준두준한 요리
81,309,계인이가 잡았漁
82,249,워메~겁나게 중독되는 막걸리 안주
83,132,쇼 미 더 요리
84,2,싱글녀의 브런치
85,189,한국에서 생각나는 중식
86,222,보양식 먹고 하이킥!
87,204,전복 먹어도 나 이렇게 웃어요♬
88,117,집빵
89,22,솔로 탈출 요리
90,34,있어 보이는 와인 요리
91,295,홍코치의 메이저한식
92,173,편식쟁이 딸이 접시 비워낼 해산물요리
93,286,소스 땜에 살고~ 소스 땜에 죽는♬ 고기요리
94,48,반건조 오징어를 부탁해
95,83,내가 좋아하는 재료로 만든 불량한 요리
96,319,엄마손 밥상
97,99,신랑의 초딩 입맛에 딱 맞는 양식
98,268,"다시, 명란젓사랑"
99,88,본인이 한 번도 하지 않았던 장르의 요리
100,252,반백살 은이의 시간이 역주행할 요리
101,296,고기 끝판왕
102,201,인스턴트 더 퓨처
103,29,유러피안 소울 푸드
104,103,소.고.기. 보다 맛있는 요리
105,181,하트비트 할 수 있는 요리
106,115,소스가 맛있는 튀김 요리
107,82,내가 좋아하는 재료로 만든 건강한 요리
108,184,으아 ~ 흥국대원군에게 제대로 들이대!
109,59,세상 어디에서도 맛보지 못한 어메이징한 요리
110,214,어디서 작곡학과라도 전공하셨나 ♬ 싶은 요리
111,104,밥이 보약이라 전해라 ~
112,221,시언이도 시언~ 시언하게 따라할 수 있는 요리
113,76,등갈비의 기막힌 변신
114,297,고등어 끝판왕
115,71,남은 배달음식을 이용한 요리
116,26,초호화 편의점 요리
117,227,고기로 한 대 얻어맞고 싶은 요리
118,290,끝장나는 고기 요리 먹고 싶걸랑요~
119,138,킹스면
120,255,고집 빼고 호로록~ 국주만을 위한 요~으리!
121,28,옥수수 처분 요리
122,41,흥 돋우는 달달한 간식
123,160,하늘을 우러러 안주 한 점 남김이 없기를...
124,220,개천에서 용 난 요리
125,175,네 남자가 댄스 올 라이트♬ 하고 싶은 요리
126,244,나 혼자 요리하고~ 나 혼자 양식 먹고♬
127,291,이유 없는 김치는 없다
128,320,화이트 와인과 안 어울리면 뒤질랜드
129,145,채소주연상
130,74,퓨전 요리의 끝판왕
131,209,극한 메뉴 : 중식 편
132,100,우리 아이가 먹고 말문 터질 요리
133,122,♥ 10만 돌파 SNS 요리
134,202,거미집에서 헤어나올 수 없는 송년회 요리
135,78,젓갈의 역주행 요리
136,109,만취한 이모도 살 빠지는 해장요리
137,265,이태공이 낚은 참돔 요리
138,137,배고플 땐 처치곤란 재료를 꺼내먹어요~
139,35,느낌 있는 영이의 블로그 요리
140,139,일탈학개론
141,250,사천만 땡길 수 있는 당근 BAR 신메뉴
142,238,"바다, 최성희, 비비안나를 모두 만족시킬 요리"
143,130,예랑이가 샌드위치 만들었Show!
144,162,상남자의 초간단 캠핑요리
145,254,오른손으로 면먹고~ 왼손으로 밥 먹고~ 둘 다 먹지요♬
146,135,처음 맞는 어버이날 며느리 밥상
147,270,라면의 후예
148,32,도전적인 닭가슴살 요리
149,200,강타 입을 강타할 양식대반점
150,168,내 인생에 깜빡이 켜고 들어온 달걀요리
151,87,미슐랭 3스타급 요리
152,149,제 로봇 리액션 마.니.놀.랐.쬬?
153,46,시~원한 해장국 요리
154,90,연습생을 붙잡을 매력 발산 요리
155,262,너무너무너무♬ 헤비한 상남자 요리
156,263,자꾸자꾸자꾸♬ 먹고 싶은 양고기 요리
157,299,2017 시즌 3.4위 결정전
158,40,고기 마니아도 기절할 고기 요리
159,75,가을에 어울리는 낭만 요리
160,318,환절기 보양식을 부탁해(feat.금음체질)
161,192,1복2일
162,301,"먹으면, 비로소 치유되는 요리"
163,169,혀에 와이파이 터지는 바지락 요리
164,198,진보한 해산물 요리
165,121,빈티 나는 재료로 만드는 부티 나는 요리
166,89,크로스 매치
167,281,나 오늘~ 오늘 밤은 채소가 그리워요♬
168,27,초특급 초콜릿 요리
169,39,더 사랑하는 아내를 위한 요리
170,0,셰프 남편 빰치는 요리
171,72,2PM에 먹을 수 있는 요리
172,158,냉면 인 더 미러
173,298,2017년 시즌 5.6위 결정전
174,161,고뤠~? 이탈리안 요리?! 사람 불러야겠다!
175,304,입맛은 사라있다
176,63,영양실조 기러기를 부활시키는 요리
177,264,이태공이 낚은 무늬오징어 요리
178,237,소주 한 짝 생각나는 ♬ 고추장
179,302,헤민 스님의 베스트셀라볶이
180,129,스페인 대첩
181,77,한식 재료로 만드는 셰프의 양식
182,226,밀가루로 한 대 얻어맏고 싶은 요리
183,183,A/S 튀김요리
184,191,손연재배 디저트선수권 대회
185,123,심장이 쫄깃해지는 젤리 같은 요리
186,242,간 때문이야~ 간 때문이야♬
187,311,맛있으면 김신영칼로리
188,68,자양강장제 같은 요리
189,199,할리우드도 울고 갈 귯걸~의 요리
190,205,윤석이가 먹고 환희에 찰 스페셜 요리
191,31,"""니 요리가 뭐니~?"""
192,194,빅보이 입에 홈런 칠 고기 요리
193,258,한닭줍쇼
194,231,배고플 땐 역시 튀김이야~ 튀김이야♬
195,5,캠핑 요리
196,45,소녀시대 공식 식단
197,185,딸 내미와 아~ 방끗♬ 할 수 있는 보양식
198,16,든든한 간식
199,248,아따~허벌나게 맛있는 국밥 한 그릇
200,203,보이지 않아♬ 새로운 해산물 요리
201,106,성공한 싱글녀의 퍼펙트 럭셔리 비어 타임
202,314,알베의 인생 두부 요리가 몬디?
203,61,아무 생각 없이 먹을 수 있는 요리
204,64,오가닉한 차가운 요리
205,6,굴 요리
206,55,상상 이상의 고열량 요리
207,153,숙취 디스 해장 디저트
208,111,우리 집 공주님들을 위한 동화 같은 요리
209,174,소주 한 잔을 부르는 안주
210,43,행사 5탕 소화할 수 있는 알찬 요리
211,42,곤드레만드레 샤방샤방한 안주
212,180,집 떠나와 열차 타~기 전날 먹고 싶은 요리
213,283,품위있는 낙지
214,234,덕화의 잃어버린 입맛을 부탁~해요
215,178,턱이 아파 메이데이♬
216,179,이러다 미쳐 내가~ 조미료 때문에 미쳐 내가♬
217,126,으아 ~ 새로운 술국 들이대!
218,223,피난 가방을 부탁해
219,79,자극적이지 않아도 중독성 있는 요리
220,21,자극적인 국물 요리
221,20,탈모 방지 요리
222,279,해산물 요리를 잘 만드는 셰프♬
223,216,가족이 하! 하하! 하하 ♬ 할 수있는 요리
224,18,튀김 요리
225,261,겉 다르자나! 속 다르자나!! 이경규자나!!!
226,96,고기 없이 낼 수 있는 맛의 끝
227,30,남편도 할 수 있는 요리
228,188,해외에서 생각나는 한식
229,98,신랑의 초딩 입맛도 사로잡을 한식
230,208,극한 메뉴 : 그릇 편
231,307,종합 카레 챔피언
232,156,혼자 먹어도 외롭지 않을 홀로서기 요리
233,225,하루 종일 손이 가요 손이 가♬
234,1,글로벌 퓨전 요리
235,56,이건 특급 미역이야 ~!
236,91,여자를 붙잡을 프러포즈 요리
237,12,인스턴트의 변신 요리
238,210,식시니즘~ 그 맛을 느껴버렸어♬
239,140,내 풀 뜯어먹는 요리
240,3,떡볶이 요리
241,271,할매~ 나 밥상 받았다!
242,154,이게 바로 LA 스웨그~!
243,260,먹다 남은 치킨 좀 케어해주자나~
244,19,싱글남의 집들이 요리
245,241,나의 오브제... 나의 골뱅이...
246,58,언빌리버블한 이국적인 요리
247,102,소.고.기. 요리
248,186,소울을 건드리는 느끼한 요리
249,94,최고로 화려한 데커레이션을 자랑한 크리에티브한 요리
250,37,완전 맛있는 김치 요리
251,62,그리워하면 언젠가 만나게 되는 동남아 요리
252,212,숨겨왔던 나의 ♬ 포트럭 파티 요리
253,151,OOH~AHH하지 않은 걸크러쉬 요리
254,4,보양식
255,51,셰프가 빛나는 밤에
256,172,김치 마니아 아들이 장독을 거덜 낼 김치요리
257,144,주부 요리 교실 15분 단기속성반
258,219,1일 1식샤를 합시다
259,110,동화속 냉장고에서 나온 악당 같은 요리
260,285,통장요정의 잔고를 비워낼 스튜핏 요리
261,49,맵지도 짜지도 시지도 기름지지도 않은 콘서트 영양식
262,195,9회말 2아웃 끝내기 파스타 요리
263,253,김영철도 입 다물게 할 허세 요리
264,84,미친 면빨 요리
265,14,닭가슴살 요리
266,276,뉴욕댁의 쇼미더 한식
267,10,된장 요리
268,128,남도 대첩
269,177,오리! 어찌합~니까♬
270,95,급살 빼는 연예인들을 위한 다이어트 성찬
271,187,하드캐리 코스요리
272,24,남자에게 좋은 요리
273,236,소주 한 짝 생각나는 ♬ 면
274,118,내 취향의 깔끔한 요리 보고 싶다~♪
275,114,여배우들과 함께 먹을 수 있는 예쁜 요리
276,113,꽁꽁 언 엄마의 마음을 녹이는 따뜻한 요리
277,57,화이트 와인에 어울리는 요리
278,134,꿀벌 남편을 위한 꿀맛 아침상
279,165,샹송과 함께 즐기는 우아한 캠핑 코스요리
280,303,감자의 유혹
281,256,김치 서바이벌! 살려야 뜬다
282,163,짐승남의 바비큐 요리
283,86,TOP 10 요리
284,101,10년 된 냉장고로 만든 환골탈태 요리
285,224,김숙이 먹고 사천만 땡겨줄 요리
286,60,잃어버린 미각을 찾아서...
287,85,따라 올 테면 따라와 봐!
288,278,난 그런 고기가 좋더라♬
289,148,묵은 냉장고 속 보물 찾기 괜.찮.아.요?
290,176,간고등어! 어찌합~니까♬
291,228,월드 스타를 위한 흥미딘딘한 요리
292,93,아내가 잘하는 서양식 요리
293,235,덕화가 잡은 생선을 부탁~해요
294,267,친구를 많이 초대한 죄~ ♬
295,300,2017 시즌 챔피언 결정전
296,131,NO 총각 냉장고 대방출Show!
297,197,야무진 혼술안주 해주나?
298,282,스승의 요리는 하늘같아서♬
299,245,밤새도록 Shake it baby ♬ 할 수 있는 요리
300,206,완전 밥에 반해 버렸어요♬
301,294,홍코치의 월드 닭 시리즈
302,7,간단한 한상차림
303,116,집밥
304,159,슈퍼스타 Kcal 폭탄
305,229,우리 철이가 철들었어요
306,315,이 요리 먹으면 가나에 가나?
307,233,한국에서 양식을 부탁해
308,274,왔다! 브런치
309,146,미스터 라면왕
310,289,피 땀 고기~ 내 마지막 고기♬
311,305,쭉쭉~ 술이 들어가는♬ 혼술 안주
312,170,손주 바보 할아버지의 요리 도전!
313,316,내가 알던 소고기 요리가 아닌데에?
314,92,아내가 못하는 한식 요리
315,240,솔비's 반반세트 (feat. 짬짜면)
316,287,편의점 재료로 만든~ 안주를 사랑해♬
317,143,입맛 심폐소생 요리
318,53,No.1 면 요리
319,230,Love Love Love~ Everyday♬피자
320,124,디스 이즈 프리스타일 컴피티션!
