,recipe,recipename
0,6234.0,본능족으로
1,6368.0,월드스탕
2,6497.0,브런치 도둑님
3,6413.0,제육과의 동침
4,6105.0,풍기명란 토스트
5,6580.0,돔레이더
6,6423.0,아빠의 바다
7,6460.0,육떡진 롤
8,6397.0,깐초이면
9,6342.0,연게우동
10,6356.0,1등 가자~미!
11,6547.0,월드시리즈 간닭!
12,6129.0,크림 속에 비친 파프리카
13,6389.0,브레드 피그
14,-1.0,가지가지한다
15,-1.0,오마이 갓토
16,6337.0,마이 무따아이가
17,6128.0,마이 ♥ 케이크
18,6149.0,부드럽끼
19,6474.0,마초세트
20,5983.0,2연타
21,6146.0,대게 맛있는 따로 덮밥
22,6243.0,터미네미트볼
23,6093.0,스윗 펌킨
24,6236.0,아임 소바
25,6287.0,데워먹고 대어 낚는 낚시요리
26,6276.0,도미 살을 바를래
27,6558.0,레이먼킹돔
28,6036.0,오겹시대
29,6191.0,천하젤면
30,-1.0,고기만두 먹으러 왜 안왔어?
31,6466.0,꼬꼬탕
32,6435.0,에너지닭
33,6064.0,풍살기
34,-1.0,백 투 더 치킨
35,6219.0,샐러드 바이블
36,6277.0,우아한 프랑스튜
37,6462.0,김치브레이커♬
38,-1.0,그.레.요
39,6456.0,샘희태닭
40,6293.0,묵은지 뚝배기
41,6415.0,돔비지마
42,6101.0,기세등등갈비
43,6260.0,오! 가닉~ 고등어
44,-1.0,죽지 않아~
45,6043.0,뽀빠이롤
46,6469.0,어젯밤 시킨 닭
47,-1.0,"보아씨, 초면입니다"
48,5980.0,의기양양
49,6209.0,파니니 안파니
50,6566.0,브런치의 유혹
51,6239.0,오늘도전
52,6200.0,계이득
53,6125.0,쓰리스타 풍코스
54,6517.0,출발! 짜글이 여행
55,6521.0,소생소사
56,6274.0,불타는 등심폭탄
57,6370.0,두부로 피하고 싶어서♬
58,6070.0,커리업
59,6167.0,소풍가는 닭
60,6057.0,소고기가 살아있네~
61,6136.0,밖으로 나가버리곤약
62,6505.0,바람은 널 살치게 하네♬
63,6579.0,입맛 잡어
64,6294.0,부자 나초
65,6190.0,우동 노 미
66,6263.0,후덜덜이 김밥
67,6310.0,I'll be back♬
68,6422.0,박살면
69,6005.0,파프리콘
70,-1.0,아뵤~ 카도
71,6335.0,고르고 고른 파스타
72,6410.0,역시 피자는 시카고야~ 시카고야♬
73,6295.0,튀튀빵빵
74,6419.0,무빙스타
75,6545.0,역전만루홍런
76,-1.0,하룻강아지가 복 무서운 줄 알고 오삼
77,6183.0,못 먹어도 고! 등어
78,6237.0,바나나를 튀기면 반하나?
79,-1.0,만두가 머랭
80,6130.0,사장님 라이스 버거~
81,6528.0,김치 곱빼기
82,6018.0,우와한 양갈비
83,6313.0,청고마비
84,6325.0,풍절판
85,6533.0,아모르팟타이♬
86,6516.0,돈테크만
87,6509.0,완선이는 이걸 먹고 웃지
88,-1.0,외할머니 집으로~ 이경규가 간닭!
89,6226.0,녹아내리면
90,6233.0,애플리케이크
91,6351.0,풍당풍당면
92,6365.0,명풍튀김
93,6395.0,사랑의 초밥
94,6576.0,카레맛~ 궁금해 혀니♬
95,6140.0,트러플 메이커
96,6567.0,감자로 유혹하자냐
97,6346.0,갈팡치팡
98,6042.0,아육동
99,6126.0,미슐랭 쓰리스타는 게뿔
100,6188.0,살몬의 지혜
101,5989.0,털업 샐러드
102,-1.0,떡이라자냐~
103,-1.0,미소볼
104,5984.0,홍런볼
105,-1.0,굴로장생
106,6280.0,전병 말아요~
107,6599.0,허니버터치
108,6230.0,자반 방아를 돌려라
109,6284.0,일탈 닭돼지락
110,6461.0,조동아리 샌드
111,6562.0,완벽한 라볶이에 대한 사랑
112,6264.0,칼로이스
113,6531.0,칼로리 듬풍 샌드위치
114,6355.0,완소 두부
115,6317.0,깨지겠탕
116,6123.0,배추 카르복나라
117,6594.0,골든 크랩
118,-1.0,라자냐는 나자냐~
119,6565.0,풍카소
120,6097.0,쑥테이크
121,6220.0,풍미풍미풍미 업
122,6454.0,따르릉~ 내가 니 문어야♬
123,6154.0,채끝과 당근
124,6445.0,국밥 맞고등?
125,6072.0,돈 워리 비 해피
126,6374.0,팬타스틱
127,6184.0,맛있을 고양
128,6441.0,가지에 빠져빠져♬
129,6350.0,샘차이나
130,6336.0,조선의 파스타자
131,6349.0,리소토가 차이나
132,6369.0,I'm 가리비 a bad boy♬
133,6285.0,에그머니나
134,6473.0,오늘 밤 상남자는 나야 나♬
135,6139.0,장어 팔복채
136,6080.0,판타스틱 어묵
137,6442.0,난 이제 더 이상 찌개가 아니에요♬
138,6338.0,모시 돼진디?
139,6006.0,섬섬옥수수
140,6275.0,조전박살
141,-1.0,고된 밀푀유
142,6164.0,살빠질톰얌
143,6058.0,족발 먹을 곤약?
144,-1.0,안심하드라고~!
145,5997.0,힘을 내요 슈퍼 나베
146,6265.0,중복냉면
147,6069.0,동파면
148,6347.0,똑같은 쌈을 강요하지마♬
149,6094.0,해물 달라고 졸라
150,-1.0,M.S.G.
151,6548.0,홍~치킨!
152,-1.0,굴링굴링
153,6232.0,닭.된.겨
154,6044.0,부드러어
155,6375.0,200% 게살케이크
156,6002.0,수픈데 오믈렛
157,6087.0,새로 깐풍치킨
158,6023.0,혜.품.닭
159,6257.0,쉑쉑 파스타
160,6213.0,사와디캡 누들
161,-1.0,섹시 한 컵
162,6024.0,커룽지
163,6296.0,두밥두밥 두부두밥♬
164,6124.0,샘(킴)표 탕수육
165,6096.0,낙엽 두부
166,6401.0,긴풍면
167,5987.0,사우나 육국수
168,-1.0,아!추♥로스~
169,6522.0,닭스키스
170,6481.0,대세는 낙.돼.새
171,6262.0,눈물회밥
172,6189.0,알콜달콤
173,6004.0,머라노
174,6148.0,개천에서 용 났새우
175,6025.0,아빠손 피자
176,6007.0,스푼 파스타
177,6590.0,가나 가즈아~
178,-1.0,냉장고탕
179,6464.0,면들에게 물어봐♬
180,6513.0,복사부일체
181,6429.0,맵단세트
182,6366.0,냉볶이
183,6012.0,윌나잇까스
184,6254.0,일거양두
185,6176.0,달콤하게 튀겼지우
186,6271.0,발라버린닭
187,6364.0,복된 짜장
188,6240.0,풍볶이 말았소면
189,6512.0,유러피안 낙지
190,-1.0,허달달
191,6306.0,오징어 카니발♬
192,6479.0,깜짝놀랄게닭
193,6487.0,복정식
194,6305.0,야들야들한~♬ 고추완자
195,6331.0,쉿테이크
196,6360.0,신데렐라 피자
197,6588.0,두부 맛있또
198,6034.0,누르삼
199,6484.0,오~ 쌈젤리제♬
200,6436.0,오삼포테이토
201,6062.0,이 참외 비빔면
202,6303.0,블링토볼
203,6229.0,민들레 만들래
204,6381.0,시금치~즈
205,6430.0,니가 젓소
206,6142.0,마성의 해물면
207,6041.0,토달토달
208,6000.0,수플레가 머랭?
209,6281.0,톰얌킹
210,6587.0,알짜배기 두부
211,6427.0,골뱅이 완전히 새됐어♬
212,6550.0,마무리고등어
213,-1.0,연어를 찾아~사바
214,6434.0,수프 원샷
215,6319.0,오마이갓코스
216,-1.0,염통이 바샤샤샤
217,-1.0,엑소 떡볶이
218,5975.0,살치는 매운 요리
219,6530.0,펌킨 치킨
220,6477.0,월하조어탕수
221,6373.0,파티가 오레가노
222,6463.0,복면닭호
223,6038.0,오시지
224,6205.0,아따~ 조기찜 맛있다잉!
225,6283.0,바쥐락펴락
226,5995.0,순결한 튀김
227,6090.0,고새 한 그릇
228,6444.0,이런 안주 파쌈?
229,6431.0,오늘 밤 안주는 나야 나♬
230,6174.0,옥수스웨그 팬케이크
231,6020.0,복꽃엔딩
232,6045.0,오린기
233,6345.0,귯갈~
234,6483.0,이겨도 돼지?
235,6309.0,단결! 곰탕이지말입니다
236,6503.0,젓갈볶음밥을 잘 만드는 남자♬
237,6489.0,할매 라면
238,6292.0,타임 투 새우굿
239,6014.0,치킨 마요랑깨
240,6323.0,만두에 대한 경례
241,6561.0,홍시 연볶이
242,6367.0,부굴부굴
243,6468.0,공갈협빵
244,6104.0,리소토 위~아래 곱창
245,6402.0,우동 튀튀♬
246,6501.0,장금이 브런치
247,6151.0,요기조기 탕수
248,6326.0,으르렁 으르렁 돼지불백♬
249,6052.0,최.면.석
250,-1.0,3점 슛테이크
251,6197.0,기절초(코)풍
252,6268.0,볼로네제는 처음이제?
253,6100.0,리소토 먹어보라
254,6027.0,흥.칩.풍
255,6227.0,포켓몽
256,6585.0,어서 와~ 이런 바칼라는 처음이지?
257,6091.0,야밤엔 복쌈
258,-1.0,로맨티스튜~♡
259,6467.0,이건 닭도 아니고 빵도 아니여
260,6563.0,승소 파스타
261,6169.0,육해공 연볶이
262,6165.0,한잔하새우
263,6215.0,효도르
264,6203.0,오필승 파에야
265,6390.0,햄카츄~ 야키소바츄~♬
266,6121.0,갓김치치즈스마일
267,6471.0,소미양~ 스테이크양
268,-1.0,타코 리턴
269,6297.0,소주 한 잔 참치마
270,6451.0,해산물이 맛있셧업♬
271,-1.0,꿀 먹었삼
272,6037.0,코드네임 써니
273,6147.0,삼치렐라
274,6529.0,복스테이크
275,6504.0,갈치 많이 먹어도 배 안 나오는 남자♬
276,6009.0,갈갈이 풍면
277,6421.0,소면이 술술
278,6185.0,싹쓸이 팬
279,5998.0,소테미너
280,5990.0,하우 두 유두?
281,6224.0,불량만쥬
282,6075.0,돔 샤카라카
283,6405.0,Caesar Salad with Deep fried oyster
284,-1.0,와풍 주니어 버거
285,6549.0,사바사바♬
286,6348.0,만두 널 사랑해~♬
287,6193.0,컵있슈
288,6321.0,잭슨 앤 치즈스테이크
289,-1.0,샘킴 믿어주길 바라♬
290,6515.0,조기 이즈 베리 임폴턴트
291,6231.0,다말았씨유
292,6314.0,나비효과
293,6411.0,어차피 우승은 나자냐~
294,6380.0,신의 물고기
295,-1.0,허풍찜닭밥
296,6510.0,김완섬
297,6053.0,맛있게 자시오
298,6163.0,긴밤지새우콩
299,6492.0,최애 컵케이크
300,6050.0,채면차림
301,6578.0,Touch 닭 body~♬
302,6076.0,베스트 오브 베스튜
303,6198.0,부티 귀티 싼티
304,6475.0,참돔이시여
305,6450.0,오늘 나~ 이길 거 맞지♬
306,6426.0,아임 쇼 맨♬
307,6102.0,등갈빈
308,6248.0,내장풍 냉채
309,6255.0,나 혼자 먹게 낫토
310,6308.0,스바라시멘
311,6055.0,키스 버거
312,-1.0,삼국회담
313,6358.0,전복 미씽유♬
314,-1.0,가희에게 반하나
315,5981.0,감자봤수란
316,6387.0,에라 모르겠닭♬
317,6371.0,알렉스테이크
318,6289.0,할아버지 최고닭!
319,6417.0,짜장과 정열을 그대에게
320,-1.0,멕시코 갓(god) 쌈?!
321,6031.0,행사의 완자님
322,6177.0,여심전복
323,6048.0,샐러드 올리오
324,6033.0,김마삼
325,6583.0,고기말이~ 히트다 히트!
326,6186.0,설레기 없수
327,6532.0,슈퍼헤비급 플래터
328,6404.0,딘토불이 떡볶이
329,6493.0,쓰촨으로 갈 찬스
330,6560.0,무소유
331,6028.0,이롤슈가
332,-1.0,Shake it♬ 버거
333,6181.0,어무이라이스
334,6180.0,봉주르마끼
335,6109.0,유 캔 플라이롤
336,6597.0,맘스텔라
337,6591.0,생 오취리
338,-1.0,이길 만두 하지!
339,6244.0,트랜스두부
340,6071.0,복면완자
341,-1.0,달.고.나
342,-1.0,고기 밀라노~
343,6270.0,연장전
344,6261.0,홀롤서기
345,6111.0,햄복한 밥
346,6135.0,토마토 쓴다고 놀리지 말아요
347,5991.0,치즈 듬풍 토스트
348,6179.0,최후의 소보로
349,6556.0,파스타랑깨
350,6059.0,술푸자냐
351,6040.0,복침개
352,6446.0,소박한 국밥
353,6564.0,머쉬 치윤디~!
354,6216.0,아브라카부라무시
355,-1.0,돈달돈달+여보 밥 안 안치니?
356,-1.0,레이먼 스테이
357,6409.0,피자하면 LA야~ LA야♬
358,6047.0,납작 탕수육
359,6443.0,미식이볼 맛있당께
360,6152.0,뒤집었닭
361,-1.0,보굴보굴
362,6414.0,보쌈하새우
363,5977.0,가슴이 콩닭콩닭
364,6266.0,풍양냉면
365,6114.0,아이스테키
366,6089.0,후룩국
367,6315.0,샘통이다
368,6525.0,골풍기
369,-1.0,트리퐁크라운
370,6221.0,채끝 인 더 대파
371,5993.0,베리베리 러블리걸
372,6577.0,너마늘 위한 치킨
373,5988.0,완소짬뽕
374,6328.0,머랭둥둥
375,6008.0,연복쌈
376,6278.0,나랑 너랑 게랑
377,6394.0,솥태미나
378,6251.0,크레이지 크레페
379,6291.0,제비 몰러 나간 알
380,5978.0,나 혼자 쓰리볼
381,6178.0,여식공략
382,6141.0,자연풍 주의보
383,6021.0,맹모닝
384,5976.0,삼고마비
385,6204.0,레알 만두리드
386,-1.0,명란 한 주먹
387,6137.0,안심하그라탱
388,6017.0,와인퐁당
389,6132.0,당근 체인지업
390,6086.0,파워 비어 롤
391,6383.0,everyday I 스테이크♬
392,6133.0,입이 떡~갈비
393,6245.0,오트밀 맛있삼
394,6453.0,지천명 반상
395,6030.0,오리감자 너엇~!
396,6168.0,함박웃음치~즈
397,6502.0,거침없이 불고기
398,-1.0,쉬워서 오야코~
399,6382.0,미소 밀푀유
400,6424.0,엄마의 바다
401,6362.0,밥피자 심쿵해♬
402,-1.0,연복풍덮밥
403,6217.0,이 만두는 모닝?
404,6256.0,닭날두
405,6195.0,어머님이 샘이니
406,6054.0,옥돔이 맛있돔
407,6117.0,이런 돈장
408,-1.0,가슴이 심쿵해♥
409,6304.0,입맛다시징
410,6546.0,샌디에이고 짜그리스
411,6155.0,위풍닭닭
412,-1.0,어란대첩
413,6378.0,레이면인건가♬
414,6166.0,뱅뱅뱅볶음
415,6013.0,이것이 원윌이닭
416,6581.0,울금 캐비지
417,-1.0,사랑햄♥
418,6134.0,콩나물 팍팍 무쳤돔
419,6396.0,전복의 후예
420,6156.0,미트볼그레
421,6598.0,샘표 한상
422,6523.0,삼겹살~ 왜 내 맘을 흔드는 건데♬
423,6361.0,불량고기
424,6507.0,채소를 말아요♬
425,6079.0,갈쌈만두
426,6433.0,울면 안 돼♬
427,6235.0,오빤 채소스타일
428,6158.0,돼.새.김
429,6527.0,레이먼킴치
430,6447.0,숙모닝
431,6095.0,낭만 시래기
432,6250.0,초밥 베이베
433,-1.0,미숫가루보나라
434,6259.0,카우복이
435,6330.0,리듬채소
436,5992.0,샘 앤 치즈 그라탱
437,6586.0,알파고
438,6318.0,콩닭거렸쌈
439,6286.0,달걀의 대시
440,6015.0,감동의 더가니
441,6324.0,복 잡으러 왔단닭
442,6246.0,미카옐로
443,-1.0,장어 튀겼쌈
444,6073.0,연어가 똠얌꽁냥
445,-1.0,숲속의 완자님
446,6420.0,퍼펙트 스튜
447,6074.0,삼겹살 팟티
448,6393.0,굿럭탕
449,6225.0,탄복면
450,6482.0,오코노미~야키를 사랑해♬
451,6077.0,화채 얼쑤
452,6081.0,분짜지용
453,6340.0,치즈듬풍만두
454,6486.0,명카엘
455,6432.0,안심하고 드세요
456,6485.0,명백한 짬뽕
457,6520.0,입덕볶이
458,6363.0,뚝닭뚝닭
459,6496.0,오븐 백반 피자
460,6092.0,나물 버물 파스타
461,6570.0,스테이콘
462,6408.0,육회한 파튀
463,6534.0,카츠우동♬
464,-1.0,파리송로
465,-1.0,오순도순
466,-1.0,뉴타운 달팽이
467,6029.0,나이스 춘권
468,6122.0,고풍격 디저트
469,6488.0,덕윤백반
470,-1.0,한 뚝볶이 하실래예?
471,6416.0,마파 돔돔돔돔♬
472,6192.0,젤 맛있돔
473,6288.0,낚았찌개
474,6332.0,꼭꼭 숨겼디야
475,6494.0,어디에스파냐?
476,6208.0,떡.고.치
477,6438.0,무~보이♬
478,6524.0,삼겹살DNA
479,6376.0,갈치 너비아니
480,6470.0,1닭 2일
481,6511.0,낙낙낙낙 낙지호롱♬
482,6490.0,중국식 냉면냉면냉면♬
483,6452.0,잉글리쉿
484,6353.0,완도풀 파티
485,6555.0,승수나르도 파스타리오
486,6065.0,요거닭
487,6210.0,검사외조
488,6400.0,안심펀치 쓰리강냉이
489,5986.0,치튀치튀뱅뱅
490,-1.0,하트 비트
491,6352.0,언더 더 씨♬
492,6333.0,복불복
493,6118.0,허세우
494,6480.0,거북전
495,-1.0,낙지 엄지척♬
496,6377.0,케이밥스타
497,6173.0,소울 푸드의 고참
498,6557.0,벵에돔이시여
499,6458.0,렛츠고 짬짜면
500,6551.0,퀵! 차돌박이 볶음 말이
501,6472.0,케사디양
502,6119.0,단칼국수
503,6506.0,난 돼지고기가 좋더라♬
504,6320.0,미식풀코스
505,6491.0,피치 못할 타르트
506,5996.0,고기 차이나
507,5985.0,비어 쉬림프
508,6391.0,비상식난
509,6241.0,오닭후면
510,-1.0,파콘 투게더
511,6344.0,아보카도롤모델
512,6457.0,복면라왕
513,6272.0,포크볼
514,6329.0,식스센스
515,6110.0,연어 타다익선
516,6301.0,고등어가 놀라유
517,6307.0,짐승롤
518,6026.0,따라미소
519,6327.0,오빠 한번 믿어봐♬
520,-1.0,갈크러시
521,6592.0,맛있는 소고기렌당
522,6222.0,퐁네프의 연어들
523,6196.0,버섯닭
524,6343.0,아돔케어
525,6600.0,차이나는 비빔면
526,6552.0,파이널복스
527,6526.0,골뱅이 파이어♬
528,6582.0,시나몬 아로니아 비스킷
529,6242.0,짬뽕의 순정
530,6171.0,쌈삼한 리소토
531,-1.0,낙지 호로록
532,6575.0,샨티샨티~ 카레 라자냐♬
533,6589.0,나이스! 라이스~
534,-1.0,골뱅이 프린세사
535,6068.0,다 이 김
536,6145.0,가지 싸움에 새우등 터진다
537,6339.0,풍비박산
538,6572.0,혼술 빠라삐
539,-1.0,미스 동파육
540,6273.0,긴급사테! 수박주의보!
541,6138.0,홍시 밭의 거위
542,6175.0,등심빵빵
543,6302.0,고등어 하나만 허락해주소서♬
544,6084.0,10분 스테이크 맛있찬오
545,6206.0,민어는 축구선수를 좋아해
546,6500.0,데리만족
547,6495.0,햄버거 떠머거
548,6061.0,별미 리소토
549,6258.0,바로빵
550,6161.0,한잔비어떡
551,6518.0,명불허전 그뤠잇!
552,6448.0,숙나잇
553,6584.0,버거킴
554,6150.0,유아식망고땡!
555,6571.0,골뱅이 에스카르고
556,6131.0,이탈리안 특급 파스타
557,6316.0,낙장불입
558,6112.0,불량식풍
559,-1.0,라벤더숲
560,6412.0,크로켓 맛있찌
561,6083.0,텐미닛 수프
562,6202.0,앗싸~ 호랑나베!
563,6379.0,시금치 나무에서 애벌레 쇼를♬
564,6082.0,양싸퀴진
565,5982.0,미치고 팔닭
566,6596.0,죽빙
567,6035.0,만두렀써니
568,5999.0,초코 모찌 맛있찌
569,6201.0,김흥국
570,-1.0,막창 한번 믿어봐~
571,6098.0,최면육회
572,6354.0,롤 is my everything♬
573,6099.0,터치 마이 주꾸미
574,6341.0,낫띵배럴~♬
575,6103.0,짱짱면
576,6218.0,사랑하지롤♡
577,6016.0,치사의 사탑
578,6253.0,복차오루는 쌈
579,6476.0,잘 구운 참돔 하나
580,6508.0,채소퀸
581,6290.0,그랜드파더 젠틀롤
582,6269.0,웃음꼬치 피었습니다
583,6252.0,술이 깰랑말랑 몽블랑
584,-1.0,LA 떡다저스
585,6106.0,창난하니?
586,6019.0,이길 만두 하자냐
587,6299.0,가위로 오리면
588,6595.0,수비드 레이서
589,6282.0,톰얌의 고수
590,6574.0,안질리나 딤섬
591,5979.0,연양만점
592,6372.0,둘이서 한 덮밥
593,6406.0,돈코츠 드소
594,6162.0,닭고치
595,6312.0,황금탕수육
596,6559.0,이건 태곤스타일♬
597,6046.0,허니버터징
598,6010.0,한식 브런찜
599,6157.0,장풍덮밥
600,6085.0,영광의 바지락
601,6108.0,불새닭
602,6498.0,불런치
603,6300.0,오늘부터 오리는♬
604,6279.0,소스 하나면 돼
605,6107.0,입에 불레리나
606,6359.0,복수전
607,6049.0,소고기 냉부
608,6298.0,두부세요~ 나야♬
609,6568.0,호감이야
610,6357.0,플라이 투 더 전복
611,6063.0,넘사복
612,6056.0,소시지 달콤하시지
613,6160.0,퍼펙타르트
614,6194.0,버블버블버블밥!
615,-1.0,너는힙합! 나는햄팝!
616,6187.0,쌈싸시지
617,6593.0,베리베리 맛있게
618,6385.0,미식이 오믈렛
619,6153.0,명란 대파주이소
620,6120.0,맛있소면
621,-1.0,나이스튜 미튜
622,6060.0,새로운 샐러드와 수란잔
623,6127.0,로맨티스타 케이크
624,6478.0,면 때무늬야♬
625,-1.0,되새찌개
626,6514.0,넌 학생이고 난 샘이야
627,6403.0,산해딘미
628,6322.0,소울을 느끼소
629,6238.0,렌틸콩그레츄레이션
630,6088.0,피자 말아또
631,6519.0,HOT한 갈비찜
632,6228.0,무적 카레레인저
633,6569.0,1파 2일
634,-1.0,L.O.L
635,6499.0,귀한 만찬
636,6172.0,쌈닭 파스타
637,6334.0,복어~싶다♬
638,6440.0,미트코리아 진
